{
  "resourceType" : "Bundle",
  "id" : "73907e56-7101-4bcd-b70f-18a3bfc2f6a5",
  "meta" : {
    "lastUpdated" : "2024-08-06T15:38:10.341-04:00"
  },
  "type" : "collection",
  "entry" : [{
    "fullUrl" : "http://example.org/ValueSet/sulfasalazine-vs",
    "resource" : {
      "resourceType" : "ValueSet",
      "text" : {
        "status" : "generated",
        "div" : "<div xmlns=\"http://www.w3.org/1999/xhtml\"><p>This value set contains 3 concepts</p><div style=\"border: black 1px dotted; background-color: #EEEEEE; padding: 8px; margin-bottom: 8px\"><p>Expansion based on: </p><ul><li>codesystem RxNorm version ??rx1</li><li>codesystem http://www.whocc.no/atc version 2020-05</li><li>system RxNorm version ??rx1</li><li>system http://www.whocc.no/atc version 2020-05</li></ul></div><table class=\"codes\"><tr><td style=\"white-space:nowrap\"><b>Code</b></td><td><b>System</b></td><td><b>Display</b></td></tr><tr><td style=\"white-space:nowrap\"><a name=\"http---www.whocc.no-atc-A07EC01\"> </a>\u00a0\u00a0A07EC01</td><td>http://www.whocc.no/atc</td><td>Sulfasalazine</td></tr><tr><td style=\"white-space:nowrap\"><a name=\"http---www.nlm.nih.gov-research-umls-rxnorm-373988\"> </a>\u00a0\u00a0373988</td><td>http://www.nlm.nih.gov/research/umls/rxnorm</td><td>Sulfasalazine Enema</td></tr><tr><td style=\"white-space:nowrap\"><a name=\"http---www.nlm.nih.gov-research-umls-rxnorm-376645\"> </a>\u00a0\u00a0376645</td><td>http://www.nlm.nih.gov/research/umls/rxnorm</td><td>Sulfasalazine Delayed Release Oral Tablet</td></tr></table></div>"
      },
      "url" : "http://example.org/ValueSet/sulfasalazine-vs",
      "version" : "0.2.0",
      "name" : "SulfasalazineVS",
      "status" : "draft",
      "date" : "2024-08-06T15:38:10-04:00",
      "expansion" : {
        "identifier" : "urn:uuid:dd4942e4-4f70-4d97-9279-37242c14856d",
        "timestamp" : "2024-08-06T15:38:27-04:00",
        "total" : 3,
        "parameter" : [{
          "name" : "excludeNested",
          "valueBoolean" : false
        },
        {
          "name" : "used-valueset",
          "valueUri" : "null"
        },
        {
          "name" : "limitedExpansion",
          "valueBoolean" : true
        },
        {
          "name" : "used-codesystem",
          "valueUri" : "http://www.whocc.no/atc|2020-05"
        },
        {
          "name" : "version",
          "valueUri" : "http://www.whocc.no/atc|2020-05"
        },
        {
          "name" : "excludeNested",
          "valueBoolean" : true
        },
        {
          "name" : "used-codesystem",
          "valueUri" : "http://www.nlm.nih.gov/research/umls/rxnorm|??rx1"
        },
        {
          "name" : "version",
          "valueUri" : "http://www.nlm.nih.gov/research/umls/rxnorm|??rx1"
        }],
        "contains" : [{
          "system" : "http://www.whocc.no/atc",
          "code" : "A07EC01",
          "display" : "Sulfasalazine"
        },
        {
          "system" : "http://www.nlm.nih.gov/research/umls/rxnorm",
          "code" : "373988",
          "display" : "Sulfasalazine Enema"
        },
        {
          "system" : "http://www.nlm.nih.gov/research/umls/rxnorm",
          "code" : "376645",
          "display" : "Sulfasalazine Delayed Release Oral Tablet"
        }]
      }
    }
  }]
}