<?xml version="1.0" encoding="UTF-8"?>

<Bundle xmlns="http://hl7.org/fhir">
  <id value="1eae1051-3919-4cbb-995d-a7ec8d359227"/>
  <meta>
    <lastUpdated value="2024-11-14T19:02:01.400+00:00"/>
  </meta>
  <type value="collection"/>
  <entry>
    <fullUrl value="http://example.org/ValueSet/sulfasalazine-vs"/>
    <resource>
      <ValueSet>
        <text>
          <status value="generated"/>
          <div xmlns="http://www.w3.org/1999/xhtml">
            <p class="res-header-id">
              <b>Generated Narrative: ValueSet </b>
            </p>
            <div style="border: black 1px dotted; background-color: #EEEEEE; padding: 8px; margin-bottom: 8px">
              <p>Expansion based on:</p>
              <ul>
                <li>codesystem RxNorm version??</li>
                <li>codesystem WHO ATC version2020-05</li>
              </ul>
            </div>
            <p>This value set contains 3 concepts</p>
            <table class="codes">
              <tr>
                <td style="white-space:nowrap">
                  <b>Code</b>
                </td>
                <td>
                  <b>System</b>
                </td>
                <td>
                  <b>Display</b>
                </td>
              </tr>
              <tr>
                <td style="white-space:nowrap">
                  <a name="x-http://www.whocc.no/atc-A07EC01"> </a>  A07EC01
                </td>
                <td>http://www.whocc.no/atc</td>
                <td>sulfasalazine</td>
              </tr>
              <tr>
                <td style="white-space:nowrap">
                  <a name="x-http://www.nlm.nih.gov/research/umls/rxnorm-373988"> </a>  373988
                </td>
                <td>http://www.nlm.nih.gov/research/umls/rxnorm</td>
                <td>sulfasalazine Enema</td>
              </tr>
              <tr>
                <td style="white-space:nowrap">
                  <a name="x-http://www.nlm.nih.gov/research/umls/rxnorm-376645"> </a>  376645
                </td>
                <td>http://www.nlm.nih.gov/research/umls/rxnorm</td>
                <td>sulfasalazine Delayed Release Oral Tablet</td>
              </tr>
            </table>
          </div>
        </text>
        <url value="http://example.org/ValueSet/sulfasalazine-vs"/>
        <version value="0.1.0"/>
        <name value="SulfasalazineVS"/>
        <status value="draft"/>
        <date value="2024-11-14T19:02:01+00:00"/>
        <expansion>
          <identifier value="urn:uuid:dc6dfd65-e99f-4a49-94d1-e730e062c8cb"/>
          <timestamp value="2024-11-14T19:02:15+00:00"/>
          <total value="3"/>
          <offset value="0"/>
          <parameter>
            <name value="count"/>
            <valueInteger value="1000"/>
          </parameter>
          <parameter>
            <name value="offset"/>
            <valueInteger value="0"/>
          </parameter>
          <parameter>
            <name value="excludeNested"/>
            <valueBoolean value="false"/>
          </parameter>
          <parameter>
            <name value="used-valueset"/>
            <valueUri value="null"/>
          </parameter>
          <parameter>
            <name value="used-codesystem"/>
            <valueUri value="http://www.whocc.no/atc|2020-05"/>
          </parameter>
          <parameter>
            <name value="version"/>
            <valueUri value="http://www.whocc.no/atc|2020-05"/>
          </parameter>
          <parameter>
            <name value="excludeNested"/>
            <valueBoolean value="true"/>
          </parameter>
          <parameter>
            <name value="used-codesystem"/>
            <valueUri value="http://www.nlm.nih.gov/research/umls/rxnorm|??"/>
          </parameter>
          <parameter>
            <name value="version"/>
            <valueUri value="http://www.nlm.nih.gov/research/umls/rxnorm|??"/>
          </parameter>
          <contains>
            <system value="http://www.whocc.no/atc"/>
            <code value="A07EC01"/>
            <display value="sulfasalazine"/>
          </contains>
          <contains>
            <system value="http://www.nlm.nih.gov/research/umls/rxnorm"/>
            <code value="373988"/>
            <display value="sulfasalazine Enema"/>
          </contains>
          <contains>
            <system value="http://www.nlm.nih.gov/research/umls/rxnorm"/>
            <code value="376645"/>
            <display value="sulfasalazine Delayed Release Oral Tablet"/>
          </contains>
        </expansion>
      </ValueSet>
    </resource>
  </entry>
</Bundle>