<?xml version="1.0" encoding="UTF-8"?>

<PlanDefinition xmlns="http://hl7.org/fhir">
  <id value="SulfasalazineMonitoringPlan"/>
  <text>
    <status value="generated"/><div xmlns="http://www.w3.org/1999/xhtml"><p><b>Generated Narrative: PlanDefinition</b><a name="SulfasalazineMonitoringPlan"> </a></p><div style="display: inline-block; background-color: #d9e0e7; padding: 6px; margin: 4px; border: 1px solid #8da1b4; border-radius: 5px; line-height: 60%"><p style="margin-bottom: 0px">Resource PlanDefinition &quot;SulfasalazineMonitoringPlan&quot; </p></div><p><b>url</b>: <code>http://example.org/PlanDefinition/SulfasalazineMonitoringPlan</code></p><p><b>version</b>: 0.2.0</p><p><b>status</b>: draft</p><p><b>date</b>: 2024-08-06 15:38:10-0400</p><p><b>publisher</b>: Example Publisher</p><p><b>contact</b>: Example Publisher: <a href="http://example.org/example-publisher">http://example.org/example-publisher</a></p><p><b>library</b>: <a href="Library-LogicLibrary.html">LogicLibrary</a></p><blockquote><p><b>action</b></p><p><b>title</b>: Should order CBC if Sulfasalazine is prescribed</p><blockquote><p><b>condition</b></p><p><b>kind</b>: applicability</p><h3>Expressions</h3><table class="grid"><tr><td style="display: none">-</td><td><b>Language</b></td><td><b>Expression</b></td></tr><tr><td style="display: none">*</td><td>text/cql-identifier</td><td>Sulfasalazine Order - from ValueSet</td></tr></table></blockquote><p><b>definition</b>: <a href="ActivityDefinition-OrderCBCActivity.html">ActivityDefinition[http://example.org/ActivityDefinition/OrderCBCActivity|0.2.0]</a></p></blockquote><blockquote><p><b>action</b></p><p><b>title</b>: Should order CBC if Sulfasalazine is prescribed from code</p><blockquote><p><b>condition</b></p><p><b>kind</b>: applicability</p><h3>Expressions</h3><table class="grid"><tr><td style="display: none">-</td><td><b>Language</b></td><td><b>Expression</b></td></tr><tr><td style="display: none">*</td><td>text/cql-identifier</td><td>Sulfasalazine Order - from Code</td></tr></table></blockquote><p><b>definition</b>: <a href="ActivityDefinition-OrderCBCActivity.html">ActivityDefinition[http://example.org/ActivityDefinition/OrderCBCActivity|0.2.0]</a></p></blockquote></div>
  </text>
  <url value="http://example.org/PlanDefinition/SulfasalazineMonitoringPlan"/>
  <version value="0.2.0"/>
  <status value="draft"/>
  <date value="2024-08-06T15:38:10-04:00"/>
  <publisher value="Example Publisher"/>
  <contact>
    <name value="Example Publisher"/>
    <telecom>
      <system value="url"/>
      <value value="http://example.org/example-publisher"/>
    </telecom>
  </contact>
  <library value="http://example.org/Library/LogicLibrary"/>
  <action>
    <title value="Should order CBC if Sulfasalazine is prescribed"/>
    <condition>
      <kind value="applicability"/>
      <expression>
        <language value="text/cql-identifier"/>
        <expression value="Sulfasalazine Order - from ValueSet"/>
      </expression>
    </condition>
    <definitionCanonical value="http://example.org/ActivityDefinition/OrderCBCActivity"/>
  </action>
  <action>
    <title value="Should order CBC if Sulfasalazine is prescribed from code"/>
    <condition>
      <kind value="applicability"/>
      <expression>
        <language value="text/cql-identifier"/>
        <expression value="Sulfasalazine Order - from Code"/>
      </expression>
    </condition>
    <definitionCanonical value="http://example.org/ActivityDefinition/OrderCBCActivity"/>
  </action>
</PlanDefinition>