<?xml version="1.0" encoding="UTF-8"?><ActivityDefinition xmlns="http://hl7.org/fhir"><id value="OrderCBCActivity"/><url value="http://example.org/ActivityDefinition/OrderCBCActivity"/><version value="0.1.0"/><status value="draft"/><date value="2024-11-14T18:43:34+00:00"/><publisher value="Example Publisher"/><contact><name value="Example Publisher"/><telecom><system value="url"/><value value="http://example.org/example-publisher"/></telecom></contact><description value="Order CBC"/><kind value="ServiceRequest"/><doNotPerform value="false"/><productCodeableConcept><coding><system value="http://loinc.org"/><code value="58410-2"/><display value="CBC panel - Blood by Automated count"/></coding></productCodeableConcept></ActivityDefinition>