<?xml version="1.0" encoding="UTF-8"?><PlanDefinition xmlns="http://hl7.org/fhir"><id value="SulfasalazineMonitoringPlan"/><url value="http://example.org/PlanDefinition/SulfasalazineMonitoringPlan"/><version value="0.1.0"/><status value="draft"/><date value="2024-11-14T19:02:01+00:00"/><publisher value="Example Publisher"/><contact><name value="Example Publisher"/><telecom><system value="url"/><value value="http://example.org/example-publisher"/></telecom></contact><library value="http://example.org/Library/LogicLibrary"/><action><title value="Should order CBC if Sulfasalazine is prescribed"/><condition><kind value="applicability"/><expression><language value="text/cql-identifier"/><expression value="Sulfasalazine Order"/></expression></condition><definitionCanonical value="http://example.org/ActivityDefinition/OrderCBCActivity"/></action></PlanDefinition>