{
  "resourceType" : "ActivityDefinition",
  "id" : "OrderCBCActivity",
  "text" : {
    "status" : "generated",
    "div" : "<div xmlns=\"http://www.w3.org/1999/xhtml\"><p class=\"res-header-id\"><b>Generated Narrative: ActivityDefinition OrderCBCActivity</b></p><a name=\"OrderCBCActivity\"> </a><a name=\"hcOrderCBCActivity\"> </a><a name=\"OrderCBCActivity-en-US\"> </a><p><b>url</b>: <a href=\"ActivityDefinition-OrderCBCActivity.html\">ActivityDefinition: url = http://example.org/ActivityDefinition/OrderCBCActivity; version = 0.1.0; status = draft; date = 2024-11-14 18:43:34+0000; publisher = Example Publisher; contact = Example Publisher (http://example.org/example-publisher); description = Order CBC; jurisdiction = ; copyright = ; kind = ServiceRequest; doNotPerform = false; product[x] = CBC panel - Blood by Automated count</a></p><p><b>version</b>: 0.1.0</p><p><b>status</b>: Draft</p><p><b>date</b>: 2024-11-14 18:43:34+0000</p><p><b>publisher</b>: Example Publisher</p><p><b>contact</b>: Example Publisher: <a href=\"http://example.org/example-publisher\">http://example.org/example-publisher</a></p><p><b>description</b>: </p><div><p>Order CBC</p>\n</div><p><b>kind</b>: ServiceRequest</p><p><b>doNotPerform</b>: false</p><p><b>product</b>: <span title=\"Codes:{http://loinc.org 58410-2}\">CBC panel - Blood by Automated count</span></p></div>"
  },
  "url" : "http://example.org/ActivityDefinition/OrderCBCActivity",
  "version" : "0.1.0",
  "status" : "draft",
  "date" : "2024-11-14T18:43:34+00:00",
  "publisher" : "Example Publisher",
  "contact" : [{
    "name" : "Example Publisher",
    "telecom" : [{
      "system" : "url",
      "value" : "http://example.org/example-publisher"
    }]
  }],
  "description" : "Order CBC",
  "kind" : "ServiceRequest",
  "doNotPerform" : false,
  "productCodeableConcept" : {
    "coding" : [{
      "system" : "http://loinc.org",
      "code" : "58410-2",
      "display" : "CBC panel - Blood by Automated count"
    }]
  }
}