{
  "resourceType" : "Bundle",
  "id" : "PatientBundle1",
  "meta" : {
    "tag" : [{
      "code" : "test"
    }]
  },
  "type" : "transaction",
  "entry" : [{
    "fullUrl" : "http://example.org/Patient/Patient1",
    "resource" : {
      "resourceType" : "Patient",
      "id" : "Patient1",
      "text" : {
        "status" : "generated",
        "div" : "<div xmlns=\"http://www.w3.org/1999/xhtml\"><p><b>Generated Narrative: Patient</b><a name=\"Patient1\"> </a></p><div style=\"display: inline-block; background-color: #d9e0e7; padding: 6px; margin: 4px; border: 1px solid #8da1b4; border-radius: 5px; line-height: 60%\"><p style=\"margin-bottom: 0px\">Resource Patient &quot;Patient1&quot; </p></div><p><b>name</b>: patient1 </p></div>"
      },
      "name" : [{
        "family" : "patient1"
      }]
    },
    "request" : {
      "method" : "PUT",
      "url" : "Patient/Patient1"
    }
  },
  {
    "fullUrl" : "http://example.org/MedicationRequest/MedicationRequest1",
    "resource" : {
      "resourceType" : "MedicationRequest",
      "id" : "MedicationRequest1",
      "text" : {
        "status" : "generated",
        "div" : "<div xmlns=\"http://www.w3.org/1999/xhtml\"><p><b>Generated Narrative: MedicationRequest</b><a name=\"MedicationRequest1\"> </a></p><div style=\"display: inline-block; background-color: #d9e0e7; padding: 6px; margin: 4px; border: 1px solid #8da1b4; border-radius: 5px; line-height: 60%\"><p style=\"margin-bottom: 0px\">Resource MedicationRequest &quot;MedicationRequest1&quot; </p></div><p><b>status</b>: active</p><p><b>intent</b>: order</p><p><b>medication</b>: Sulfasalazine <span style=\"background: LightGoldenRodYellow; margin: 4px; border: 1px solid khaki\"> (<a href=\"http://terminology.hl7.org/6.0.2/CodeSystem-v3-WC.html\">WHO ATC</a>#A07EC01)</span></p><p><b>subject</b>: <a href=\"#Patient_Patient1\">See above (Patient/Patient1)</a></p></div>"
      },
      "status" : "active",
      "intent" : "order",
      "medicationCodeableConcept" : {
        "coding" : [{
          "system" : "http://www.whocc.no/atc",
          "code" : "A07EC01",
          "display" : "Sulfasalazine"
        }]
      },
      "subject" : {
        "reference" : "Patient/Patient1"
      }
    },
    "request" : {
      "method" : "PUT",
      "url" : "MedicationRequest/MedicationRequest1"
    }
  }]
}