<?xml version="1.0" encoding="UTF-8"?>

<Bundle xmlns="http://hl7.org/fhir">
  <id value="PatientBundle1"/>
  <meta>
    <tag>
      <code value="test"/>
    </tag>
  </meta>
  <type value="transaction"/>
  <entry>
    <fullUrl value="http://example.org/Patient/Patient1"/>
    <resource>
      <Patient>
        <id value="Patient1"/>
        <text>
          <status value="generated"/><div xmlns="http://www.w3.org/1999/xhtml"><p><b>Generated Narrative: Patient</b><a name="Patient1"> </a></p><div style="display: inline-block; background-color: #d9e0e7; padding: 6px; margin: 4px; border: 1px solid #8da1b4; border-radius: 5px; line-height: 60%"><p style="margin-bottom: 0px">Resource Patient &quot;Patient1&quot; </p></div><p><b>name</b>: patient1 </p></div>
        </text>
        <name>
          <family value="patient1"/>
        </name>
      </Patient>
    </resource>
    <request>
      <method value="PUT"/>
      <url value="Patient/Patient1"/>
    </request>
  </entry>
  <entry>
    <fullUrl value="http://example.org/MedicationRequest/MedicationRequest1"/>
    <resource>
      <MedicationRequest>
        <id value="MedicationRequest1"/>
        <text>
          <status value="generated"/><div xmlns="http://www.w3.org/1999/xhtml"><p><b>Generated Narrative: MedicationRequest</b><a name="MedicationRequest1"> </a></p><div style="display: inline-block; background-color: #d9e0e7; padding: 6px; margin: 4px; border: 1px solid #8da1b4; border-radius: 5px; line-height: 60%"><p style="margin-bottom: 0px">Resource MedicationRequest &quot;MedicationRequest1&quot; </p></div><p><b>status</b>: active</p><p><b>intent</b>: order</p><p><b>medication</b>: Sulfasalazine <span style="background: LightGoldenRodYellow; margin: 4px; border: 1px solid khaki"> (<a href="http://terminology.hl7.org/6.0.2/CodeSystem-v3-WC.html">WHO ATC</a>#A07EC01)</span></p><p><b>subject</b>: <a href="#Patient_Patient1">See above (Patient/Patient1)</a></p></div>
        </text>
        <status value="active"/>
        <intent value="order"/>
        <medicationCodeableConcept>
          <coding>
            <system value="http://www.whocc.no/atc"/>
            <code value="A07EC01"/>
            <display value="Sulfasalazine"/>
          </coding>
        </medicationCodeableConcept>
        <subject>
          <reference value="Patient/Patient1"/>
        </subject>
      </MedicationRequest>
    </resource>
    <request>
      <method value="PUT"/>
      <url value="MedicationRequest/MedicationRequest1"/>
    </request>
  </entry>
</Bundle>