{
  "resourceType" : "Bundle",
  "id" : "1eae1051-3919-4cbb-995d-a7ec8d359227",
  "meta" : {
    "lastUpdated" : "2024-11-14T19:02:01.400+00:00"
  },
  "type" : "collection",
  "entry" : [{
    "fullUrl" : "http://example.org/ValueSet/sulfasalazine-vs",
    "resource" : {
      "resourceType" : "ValueSet",
      "text" : {
        "status" : "generated",
        "div" : "<div xmlns=\"http://www.w3.org/1999/xhtml\"><p class=\"res-header-id\"><b>Generated Narrative: ValueSet </b></p><div style=\"border: black 1px dotted; background-color: #EEEEEE; padding: 8px; margin-bottom: 8px\"><p>Expansion based on:</p><ul><li>codesystem RxNorm version??</li><li>codesystem WHO ATC version2020-05</li></ul></div><p>This value set contains 3 concepts</p><table class=\"codes\"><tr><td style=\"white-space:nowrap\"><b>Code</b></td><td><b>System</b></td><td><b>Display</b></td></tr><tr><td style=\"white-space:nowrap\"><a name=\"x-http://www.whocc.no/atc-A07EC01\"> </a>\u00a0\u00a0A07EC01</td><td>http://www.whocc.no/atc</td><td>sulfasalazine</td></tr><tr><td style=\"white-space:nowrap\"><a name=\"x-http://www.nlm.nih.gov/research/umls/rxnorm-373988\"> </a>\u00a0\u00a0373988</td><td>http://www.nlm.nih.gov/research/umls/rxnorm</td><td>sulfasalazine Enema</td></tr><tr><td style=\"white-space:nowrap\"><a name=\"x-http://www.nlm.nih.gov/research/umls/rxnorm-376645\"> </a>\u00a0\u00a0376645</td><td>http://www.nlm.nih.gov/research/umls/rxnorm</td><td>sulfasalazine Delayed Release Oral Tablet</td></tr></table></div>"
      },
      "url" : "http://example.org/ValueSet/sulfasalazine-vs",
      "version" : "0.1.0",
      "name" : "SulfasalazineVS",
      "status" : "draft",
      "date" : "2024-11-14T19:02:01+00:00",
      "expansion" : {
        "identifier" : "urn:uuid:dc6dfd65-e99f-4a49-94d1-e730e062c8cb",
        "timestamp" : "2024-11-14T19:02:15+00:00",
        "total" : 3,
        "offset" : 0,
        "parameter" : [{
          "name" : "count",
          "valueInteger" : 1000
        },
        {
          "name" : "offset",
          "valueInteger" : 0
        },
        {
          "name" : "excludeNested",
          "valueBoolean" : false
        },
        {
          "name" : "used-valueset",
          "valueUri" : "null"
        },
        {
          "name" : "used-codesystem",
          "valueUri" : "http://www.whocc.no/atc|2020-05"
        },
        {
          "name" : "version",
          "valueUri" : "http://www.whocc.no/atc|2020-05"
        },
        {
          "name" : "excludeNested",
          "valueBoolean" : true
        },
        {
          "name" : "used-codesystem",
          "valueUri" : "http://www.nlm.nih.gov/research/umls/rxnorm|??"
        },
        {
          "name" : "version",
          "valueUri" : "http://www.nlm.nih.gov/research/umls/rxnorm|??"
        }],
        "contains" : [{
          "system" : "http://www.whocc.no/atc",
          "code" : "A07EC01",
          "display" : "sulfasalazine"
        },
        {
          "system" : "http://www.nlm.nih.gov/research/umls/rxnorm",
          "code" : "373988",
          "display" : "sulfasalazine Enema"
        },
        {
          "system" : "http://www.nlm.nih.gov/research/umls/rxnorm",
          "code" : "376645",
          "display" : "sulfasalazine Delayed Release Oral Tablet"
        }]
      }
    }
  }]
}