{
   "library" : {
      "annotation" : [ {
         "translatorOptions" : "EnableAnnotations,EnableLocators",
         "signatureLevel" : "None",
         "type" : "CqlToElmInfo"
      }, {
         "message" : "The function FHIRHelpers.ToString has multiple overloads and due to the SignatureLevel setting (None), the overload signature is not being included in the output. This may result in ambiguous function resolution at runtime, consider setting the SignatureLevel to Overloads or All to ensure that the output includes sufficient information to support correct overload selection at runtime.",
         "errorType" : "semantic",
         "errorSeverity" : "warning",
         "type" : "CqlToElmError"
      }, {
         "message" : "The function FHIRHelpers.ToString has multiple overloads and due to the SignatureLevel setting (None), the overload signature is not being included in the output. This may result in ambiguous function resolution at runtime, consider setting the SignatureLevel to Overloads or All to ensure that the output includes sufficient information to support correct overload selection at runtime.",
         "errorType" : "semantic",
         "errorSeverity" : "warning",
         "type" : "CqlToElmError"
      }, {
         "message" : "The function FHIRHelpers.ToString has multiple overloads and due to the SignatureLevel setting (None), the overload signature is not being included in the output. This may result in ambiguous function resolution at runtime, consider setting the SignatureLevel to Overloads or All to ensure that the output includes sufficient information to support correct overload selection at runtime.",
         "errorType" : "semantic",
         "errorSeverity" : "warning",
         "type" : "CqlToElmError"
      }, {
         "type" : "Annotation",
         "s" : {
            "r" : "12",
            "s" : [ {
               "value" : [ "","library LogicLibrary version '0.1.0'" ]
            } ]
         }
      } ],
      "identifier" : {
         "id" : "LogicLibrary",
         "system" : "http://example.org",
         "version" : "0.1.0"
      },
      "schemaIdentifier" : {
         "id" : "urn:hl7-org:elm",
         "version" : "r1"
      },
      "usings" : {
         "def" : [ {
            "localIdentifier" : "System",
            "uri" : "urn:hl7-org:elm-types:r1"
         }, {
            "localId" : "1",
            "locator" : "3:1-3:26",
            "localIdentifier" : "FHIR",
            "uri" : "http://hl7.org/fhir",
            "version" : "4.0.1",
            "annotation" : [ {
               "type" : "Annotation",
               "s" : {
                  "r" : "1",
                  "s" : [ {
                     "value" : [ "","using " ]
                  }, {
                     "s" : [ {
                        "value" : [ "FHIR" ]
                     } ]
                  }, {
                     "value" : [ " version '4.0.1'" ]
                  } ]
               }
            } ]
         } ]
      },
      "includes" : {
         "def" : [ {
            "localId" : "2",
            "locator" : "5:1-5:35",
            "localIdentifier" : "FHIRHelpers",
            "path" : "http://example.org/FHIRHelpers",
            "version" : "0.1.0",
            "annotation" : [ {
               "type" : "Annotation",
               "s" : {
                  "r" : "2",
                  "s" : [ {
                     "value" : [ "","include " ]
                  }, {
                     "s" : [ {
                        "value" : [ "FHIRHelpers" ]
                     } ]
                  }, {
                     "value" : [ " version ","'0.1.0'" ]
                  } ]
               }
            } ]
         } ]
      },
      "valueSets" : {
         "def" : [ {
            "localId" : "3",
            "locator" : "7:1-7:84",
            "name" : "Sulfasalazine Medications",
            "id" : "http://example.org/ValueSet/sulfasalazine-vs",
            "accessLevel" : "Public",
            "annotation" : [ {
               "type" : "Annotation",
               "s" : {
                  "r" : "3",
                  "s" : [ {
                     "value" : [ "","valueset ","\"Sulfasalazine Medications\"",": ","'http://example.org/ValueSet/sulfasalazine-vs'" ]
                  } ]
               }
            } ]
         } ]
      },
      "contexts" : {
         "def" : [ {
            "locator" : "9:1-9:15",
            "name" : "Patient"
         } ]
      },
      "statements" : {
         "def" : [ {
            "locator" : "9:1-9:15",
            "name" : "Patient",
            "context" : "Patient",
            "expression" : {
               "type" : "SingletonFrom",
               "operand" : {
                  "locator" : "9:1-9:15",
                  "dataType" : "{http://hl7.org/fhir}Patient",
                  "templateId" : "http://hl7.org/fhir/StructureDefinition/Patient",
                  "type" : "Retrieve"
               }
            }
         }, {
            "localId" : "12",
            "locator" : "11:1-13:56",
            "name" : "Sulfasalazine Order",
            "context" : "Patient",
            "accessLevel" : "Public",
            "annotation" : [ {
               "type" : "Annotation",
               "s" : {
                  "r" : "12",
                  "s" : [ {
                     "value" : [ "","define ","\"Sulfasalazine Order\"",":\n  " ]
                  }, {
                     "r" : "11",
                     "s" : [ {
                        "s" : [ {
                           "r" : "5",
                           "s" : [ {
                              "r" : "4",
                              "s" : [ {
                                 "r" : "4",
                                 "s" : [ {
                                    "value" : [ "[","MedicationRequest",": " ]
                                 }, {
                                    "s" : [ {
                                       "value" : [ "\"Sulfasalazine Medications\"" ]
                                    } ]
                                 }, {
                                    "value" : [ "]" ]
                                 } ]
                              } ]
                           }, {
                              "value" : [ " ","SulfasalazineMedication" ]
                           } ]
                        } ]
                     }, {
                        "value" : [ "\n    " ]
                     }, {
                        "r" : "10",
                        "s" : [ {
                           "value" : [ "where " ]
                        }, {
                           "r" : "10",
                           "s" : [ {
                              "r" : "7",
                              "s" : [ {
                                 "r" : "6",
                                 "s" : [ {
                                    "value" : [ "SulfasalazineMedication" ]
                                 } ]
                              }, {
                                 "value" : [ "." ]
                              }, {
                                 "r" : "7",
                                 "s" : [ {
                                    "value" : [ "status" ]
                                 } ]
                              } ]
                           }, {
                              "value" : [ " in " ]
                           }, {
                              "r" : "9",
                              "s" : [ {
                                 "value" : [ "{ " ]
                              }, {
                                 "r" : "8",
                                 "s" : [ {
                                    "value" : [ "'active'" ]
                                 } ]
                              }, {
                                 "value" : [ " }" ]
                              } ]
                           } ]
                        } ]
                     } ]
                  } ]
               }
            } ],
            "expression" : {
               "localId" : "11",
               "locator" : "12:3-13:56",
               "type" : "Query",
               "source" : [ {
                  "localId" : "5",
                  "locator" : "12:3-12:74",
                  "alias" : "SulfasalazineMedication",
                  "expression" : {
                     "localId" : "4",
                     "locator" : "12:3-12:50",
                     "type" : "Union",
                     "operand" : [ {
                        "dataType" : "{http://hl7.org/fhir}MedicationRequest",
                        "templateId" : "http://hl7.org/fhir/StructureDefinition/MedicationRequest",
                        "codeProperty" : "medication",
                        "codeComparator" : "in",
                        "type" : "Retrieve",
                        "codes" : {
                           "locator" : "12:23-12:49",
                           "name" : "Sulfasalazine Medications",
                           "preserve" : true,
                           "type" : "ValueSetRef"
                        }
                     }, {
                        "locator" : "12:3-12:50",
                        "type" : "Query",
                        "source" : [ {
                           "locator" : "12:3-12:50",
                           "alias" : "MR",
                           "expression" : {
                              "dataType" : "{http://hl7.org/fhir}MedicationRequest",
                              "templateId" : "http://hl7.org/fhir/StructureDefinition/MedicationRequest",
                              "type" : "Retrieve"
                           }
                        } ],
                        "relationship" : [ {
                           "locator" : "12:3-12:50",
                           "alias" : "M",
                           "type" : "With",
                           "expression" : {
                              "dataType" : "{http://hl7.org/fhir}Medication",
                              "templateId" : "http://hl7.org/fhir/StructureDefinition/Medication",
                              "type" : "Retrieve"
                           },
                           "suchThat" : {
                              "type" : "And",
                              "operand" : [ {
                                 "type" : "Equal",
                                 "operand" : [ {
                                    "name" : "ToString",
                                    "libraryName" : "FHIRHelpers",
                                    "type" : "FunctionRef",
                                    "operand" : [ {
                                       "path" : "id",
                                       "scope" : "M",
                                       "type" : "Property"
                                    } ]
                                 }, {
                                    "type" : "Last",
                                    "source" : {
                                       "type" : "Split",
                                       "stringToSplit" : {
                                          "name" : "ToString",
                                          "libraryName" : "FHIRHelpers",
                                          "type" : "FunctionRef",
                                          "operand" : [ {
                                             "path" : "medication.reference",
                                             "scope" : "MR",
                                             "type" : "Property"
                                          } ]
                                       },
                                       "separator" : {
                                          "valueType" : "{urn:hl7-org:elm-types:r1}String",
                                          "value" : "/",
                                          "type" : "Literal"
                                       }
                                    }
                                 } ]
                              }, {
                                 "type" : "InValueSet",
                                 "code" : {
                                    "name" : "ToConcept",
                                    "libraryName" : "FHIRHelpers",
                                    "type" : "FunctionRef",
                                    "operand" : [ {
                                       "path" : "code",
                                       "type" : "Property"
                                    } ]
                                 },
                                 "valueset" : {
                                    "locator" : "12:23-12:49",
                                    "name" : "Sulfasalazine Medications",
                                    "preserve" : true
                                 }
                              } ]
                           }
                        } ]
                     } ]
                  }
               } ],
               "relationship" : [ ],
               "where" : {
                  "localId" : "10",
                  "locator" : "13:5-13:56",
                  "type" : "In",
                  "operand" : [ {
                     "name" : "ToString",
                     "libraryName" : "FHIRHelpers",
                     "type" : "FunctionRef",
                     "operand" : [ {
                        "localId" : "7",
                        "locator" : "13:11-13:40",
                        "path" : "status",
                        "scope" : "SulfasalazineMedication",
                        "type" : "Property"
                     } ]
                  }, {
                     "localId" : "9",
                     "locator" : "13:45-13:56",
                     "type" : "List",
                     "element" : [ {
                        "localId" : "8",
                        "locator" : "13:47-13:54",
                        "valueType" : "{urn:hl7-org:elm-types:r1}String",
                        "value" : "active",
                        "type" : "Literal"
                     } ]
                  } ]
               }
            }
         } ]
      }
   }
}