{
   "library" : {
      "annotation" : [ {
         "translatorOptions" : "EnableAnnotations,EnableLocators",
         "type" : "CqlToElmInfo"
      }, {
         "type" : "Annotation",
         "s" : {
            "r" : "26",
            "s" : [ {
               "value" : [ "","library LogicLibrary version '0.1.0'" ]
            } ]
         }
      } ],
      "identifier" : {
         "id" : "LogicLibrary",
         "system" : "http://example.org",
         "version" : "0.1.0"
      },
      "schemaIdentifier" : {
         "id" : "urn:hl7-org:elm",
         "version" : "r1"
      },
      "usings" : {
         "def" : [ {
            "localIdentifier" : "System",
            "uri" : "urn:hl7-org:elm-types:r1"
         }, {
            "localId" : "1",
            "locator" : "3:1-3:26",
            "localIdentifier" : "FHIR",
            "uri" : "http://hl7.org/fhir",
            "version" : "4.0.1",
            "annotation" : [ {
               "type" : "Annotation",
               "s" : {
                  "r" : "1",
                  "s" : [ {
                     "value" : [ "","using " ]
                  }, {
                     "s" : [ {
                        "value" : [ "FHIR" ]
                     } ]
                  }, {
                     "value" : [ " version ","'4.0.1'" ]
                  } ]
               }
            } ]
         } ]
      },
      "includes" : {
         "def" : [ {
            "localId" : "2",
            "locator" : "5:1-5:35",
            "localIdentifier" : "FHIRHelpers",
            "path" : "http://example.org/FHIRHelpers",
            "version" : "0.1.0",
            "annotation" : [ {
               "type" : "Annotation",
               "s" : {
                  "r" : "2",
                  "s" : [ {
                     "value" : [ "","include " ]
                  }, {
                     "s" : [ {
                        "value" : [ "FHIRHelpers" ]
                     } ]
                  }, {
                     "value" : [ " version ","'0.1.0'" ]
                  } ]
               }
            } ]
         } ]
      },
      "codeSystems" : {
         "def" : [ {
            "localId" : "4",
            "locator" : "9:1-9:43",
            "name" : "ATC",
            "id" : "http://www.whocc.no/atc",
            "accessLevel" : "Public",
            "annotation" : [ {
               "type" : "Annotation",
               "s" : {
                  "r" : "4",
                  "s" : [ {
                     "value" : [ "","codesystem ","\"ATC\"",": ","'http://www.whocc.no/atc'" ]
                  } ]
               }
            } ]
         } ]
      },
      "valueSets" : {
         "def" : [ {
            "localId" : "3",
            "locator" : "7:1-7:84",
            "name" : "Sulfasalazine Medications",
            "id" : "http://example.org/ValueSet/sulfasalazine-vs",
            "accessLevel" : "Public",
            "annotation" : [ {
               "type" : "Annotation",
               "s" : {
                  "r" : "3",
                  "s" : [ {
                     "value" : [ "","valueset ","\"Sulfasalazine Medications\"",": ","'http://example.org/ValueSet/sulfasalazine-vs'" ]
                  } ]
               }
            } ]
         } ]
      },
      "codes" : {
         "def" : [ {
            "localId" : "6",
            "locator" : "10:1-10:53",
            "name" : "Sulfasalazine Medication",
            "id" : "A07EC01",
            "accessLevel" : "Public",
            "annotation" : [ {
               "type" : "Annotation",
               "s" : {
                  "r" : "6",
                  "s" : [ {
                     "value" : [ "","code ","\"Sulfasalazine Medication\"",": ","'A07EC01'"," from " ]
                  }, {
                     "r" : "5",
                     "s" : [ {
                        "value" : [ "\"ATC\"" ]
                     } ]
                  } ]
               }
            } ],
            "codeSystem" : {
               "localId" : "5",
               "locator" : "10:49-10:53",
               "name" : "ATC"
            }
         } ]
      },
      "contexts" : {
         "def" : [ {
            "locator" : "12:1-12:15",
            "name" : "Patient"
         } ]
      },
      "statements" : {
         "def" : [ {
            "locator" : "12:1-12:15",
            "name" : "Patient",
            "context" : "Patient",
            "expression" : {
               "type" : "SingletonFrom",
               "operand" : {
                  "locator" : "12:1-12:15",
                  "dataType" : "{http://hl7.org/fhir}Patient",
                  "templateId" : "http://hl7.org/fhir/StructureDefinition/Patient",
                  "type" : "Retrieve"
               }
            }
         }, {
            "localId" : "16",
            "locator" : "14:1-16:57",
            "name" : "Sulfasalazine Order - from ValueSet",
            "context" : "Patient",
            "accessLevel" : "Public",
            "annotation" : [ {
               "type" : "Annotation",
               "s" : {
                  "r" : "16",
                  "s" : [ {
                     "value" : [ "","define ","\"Sulfasalazine Order - from ValueSet\"",":\n  " ]
                  }, {
                     "r" : "15",
                     "s" : [ {
                        "value" : [ "exists" ]
                     }, {
                        "r" : "14",
                        "s" : [ {
                           "value" : [ "(" ]
                        }, {
                           "r" : "14",
                           "s" : [ {
                              "s" : [ {
                                 "r" : "8",
                                 "s" : [ {
                                    "r" : "7",
                                    "s" : [ {
                                       "r" : "7",
                                       "s" : [ {
                                          "value" : [ "[","MedicationRequest",": " ]
                                       }, {
                                          "s" : [ {
                                             "value" : [ "\"Sulfasalazine Medications\"" ]
                                          } ]
                                       }, {
                                          "value" : [ "]" ]
                                       } ]
                                    } ]
                                 }, {
                                    "value" : [ " ","SulfasalazineMedication" ]
                                 } ]
                              } ]
                           }, {
                              "value" : [ "\n    " ]
                           }, {
                              "r" : "13",
                              "s" : [ {
                                 "value" : [ "where " ]
                              }, {
                                 "r" : "13",
                                 "s" : [ {
                                    "r" : "10",
                                    "s" : [ {
                                       "r" : "9",
                                       "s" : [ {
                                          "value" : [ "SulfasalazineMedication" ]
                                       } ]
                                    }, {
                                       "value" : [ "." ]
                                    }, {
                                       "r" : "10",
                                       "s" : [ {
                                          "value" : [ "status" ]
                                       } ]
                                    } ]
                                 }, {
                                    "value" : [ " in " ]
                                 }, {
                                    "r" : "12",
                                    "s" : [ {
                                       "value" : [ "{ " ]
                                    }, {
                                       "r" : "11",
                                       "s" : [ {
                                          "value" : [ "'active'" ]
                                       } ]
                                    }, {
                                       "value" : [ " }" ]
                                    } ]
                                 } ]
                              } ]
                           } ]
                        }, {
                           "value" : [ ")" ]
                        } ]
                     } ]
                  } ]
               }
            } ],
            "expression" : {
               "localId" : "15",
               "locator" : "15:3-16:57",
               "type" : "Exists",
               "operand" : {
                  "localId" : "14",
                  "locator" : "15:9-16:57",
                  "type" : "Query",
                  "source" : [ {
                     "localId" : "8",
                     "locator" : "15:10-15:81",
                     "alias" : "SulfasalazineMedication",
                     "expression" : {
                        "localId" : "7",
                        "locator" : "15:10-15:57",
                        "type" : "Union",
                        "operand" : [ {
                           "dataType" : "{http://hl7.org/fhir}MedicationRequest",
                           "templateId" : "http://hl7.org/fhir/StructureDefinition/MedicationRequest",
                           "codeProperty" : "medication",
                           "codeComparator" : "in",
                           "type" : "Retrieve",
                           "codes" : {
                              "locator" : "15:30-15:56",
                              "name" : "Sulfasalazine Medications",
                              "preserve" : true,
                              "type" : "ValueSetRef"
                           }
                        }, {
                           "locator" : "15:10-15:57",
                           "dataType" : "{http://hl7.org/fhir}MedicationRequest",
                           "templateId" : "http://hl7.org/fhir/StructureDefinition/MedicationRequest",
                           "codeProperty" : "medication",
                           "codeComparator" : "in",
                           "type" : "Retrieve",
                           "codes" : {
                              "locator" : "15:30-15:56",
                              "name" : "Sulfasalazine Medications",
                              "preserve" : true,
                              "type" : "ValueSetRef"
                           }
                        } ]
                     }
                  } ],
                  "relationship" : [ ],
                  "where" : {
                     "localId" : "13",
                     "locator" : "16:5-16:56",
                     "type" : "In",
                     "operand" : [ {
                        "name" : "ToString",
                        "libraryName" : "FHIRHelpers",
                        "type" : "FunctionRef",
                        "operand" : [ {
                           "localId" : "10",
                           "locator" : "16:11-16:40",
                           "path" : "status",
                           "scope" : "SulfasalazineMedication",
                           "type" : "Property"
                        } ]
                     }, {
                        "localId" : "12",
                        "locator" : "16:45-16:56",
                        "type" : "List",
                        "element" : [ {
                           "localId" : "11",
                           "locator" : "16:47-16:54",
                           "valueType" : "{urn:hl7-org:elm-types:r1}String",
                           "value" : "active",
                           "type" : "Literal"
                        } ]
                     } ]
                  }
               }
            }
         }, {
            "localId" : "26",
            "locator" : "18:1-20:57",
            "name" : "Sulfasalazine Order - from Code",
            "context" : "Patient",
            "accessLevel" : "Public",
            "annotation" : [ {
               "type" : "Annotation",
               "s" : {
                  "r" : "26",
                  "s" : [ {
                     "value" : [ "","define ","\"Sulfasalazine Order - from Code\"",":\n  " ]
                  }, {
                     "r" : "25",
                     "s" : [ {
                        "value" : [ "exists" ]
                     }, {
                        "r" : "24",
                        "s" : [ {
                           "value" : [ "(" ]
                        }, {
                           "r" : "24",
                           "s" : [ {
                              "s" : [ {
                                 "r" : "18",
                                 "s" : [ {
                                    "r" : "17",
                                    "s" : [ {
                                       "r" : "17",
                                       "s" : [ {
                                          "value" : [ "[","MedicationRequest",": " ]
                                       }, {
                                          "s" : [ {
                                             "value" : [ "\"Sulfasalazine Medication\"" ]
                                          } ]
                                       }, {
                                          "value" : [ "]" ]
                                       } ]
                                    } ]
                                 }, {
                                    "value" : [ " ","SulfasalazineMedication" ]
                                 } ]
                              } ]
                           }, {
                              "value" : [ "\n    " ]
                           }, {
                              "r" : "23",
                              "s" : [ {
                                 "value" : [ "where " ]
                              }, {
                                 "r" : "23",
                                 "s" : [ {
                                    "r" : "20",
                                    "s" : [ {
                                       "r" : "19",
                                       "s" : [ {
                                          "value" : [ "SulfasalazineMedication" ]
                                       } ]
                                    }, {
                                       "value" : [ "." ]
                                    }, {
                                       "r" : "20",
                                       "s" : [ {
                                          "value" : [ "status" ]
                                       } ]
                                    } ]
                                 }, {
                                    "value" : [ " in " ]
                                 }, {
                                    "r" : "22",
                                    "s" : [ {
                                       "value" : [ "{ " ]
                                    }, {
                                       "r" : "21",
                                       "s" : [ {
                                          "value" : [ "'active'" ]
                                       } ]
                                    }, {
                                       "value" : [ " }" ]
                                    } ]
                                 } ]
                              } ]
                           } ]
                        }, {
                           "value" : [ ")" ]
                        } ]
                     } ]
                  } ]
               }
            } ],
            "expression" : {
               "localId" : "25",
               "locator" : "19:3-20:57",
               "type" : "Exists",
               "operand" : {
                  "localId" : "24",
                  "locator" : "19:9-20:57",
                  "type" : "Query",
                  "source" : [ {
                     "localId" : "18",
                     "locator" : "19:10-19:80",
                     "alias" : "SulfasalazineMedication",
                     "expression" : {
                        "localId" : "17",
                        "locator" : "19:10-19:56",
                        "type" : "Union",
                        "operand" : [ {
                           "dataType" : "{http://hl7.org/fhir}MedicationRequest",
                           "templateId" : "http://hl7.org/fhir/StructureDefinition/MedicationRequest",
                           "codeProperty" : "medication",
                           "codeComparator" : "~",
                           "type" : "Retrieve",
                           "codes" : {
                              "type" : "ToList",
                              "operand" : {
                                 "locator" : "19:30-19:55",
                                 "name" : "Sulfasalazine Medication",
                                 "type" : "CodeRef"
                              }
                           }
                        }, {
                           "locator" : "19:10-19:56",
                           "dataType" : "{http://hl7.org/fhir}MedicationRequest",
                           "templateId" : "http://hl7.org/fhir/StructureDefinition/MedicationRequest",
                           "codeProperty" : "medication",
                           "codeComparator" : "~",
                           "type" : "Retrieve",
                           "codes" : {
                              "type" : "ToList",
                              "operand" : {
                                 "locator" : "19:30-19:55",
                                 "name" : "Sulfasalazine Medication",
                                 "type" : "CodeRef"
                              }
                           }
                        } ]
                     }
                  } ],
                  "relationship" : [ ],
                  "where" : {
                     "localId" : "23",
                     "locator" : "20:5-20:56",
                     "type" : "In",
                     "operand" : [ {
                        "name" : "ToString",
                        "libraryName" : "FHIRHelpers",
                        "type" : "FunctionRef",
                        "operand" : [ {
                           "localId" : "20",
                           "locator" : "20:11-20:40",
                           "path" : "status",
                           "scope" : "SulfasalazineMedication",
                           "type" : "Property"
                        } ]
                     }, {
                        "localId" : "22",
                        "locator" : "20:45-20:56",
                        "type" : "List",
                        "element" : [ {
                           "localId" : "21",
                           "locator" : "20:47-20:54",
                           "valueType" : "{urn:hl7-org:elm-types:r1}String",
                           "value" : "active",
                           "type" : "Literal"
                        } ]
                     } ]
                  }
               }
            }
         } ]
      }
   }
}