{
  "resourceType" : "MedicationRequest",
  "id" : "MedicationRequest1",
  "text" : {
    "status" : "generated",
    "div" : "<div xmlns=\"http://www.w3.org/1999/xhtml\"><p class=\"res-header-id\"><b>Generated Narrative: MedicationRequest MedicationRequest1</b></p><a name=\"MedicationRequest1\"> </a><a name=\"hcMedicationRequest1\"> </a><a name=\"MedicationRequest1-en-US\"> </a><p><b>status</b>: Active</p><p><b>intent</b>: Order</p><p><b>medication</b>: <span title=\"Codes:{http://www.whocc.no/atc A07EC01}\">Sulfasalazine</span></p><p><b>subject</b>: <a href=\"Patient-Patient1.html\">patient1  (no stated gender), DoB Unknown</a></p></div>"
  },
  "status" : "active",
  "intent" : "order",
  "medicationCodeableConcept" : {
    "coding" : [{
      "system" : "http://www.whocc.no/atc",
      "code" : "A07EC01",
      "display" : "Sulfasalazine"
    }]
  },
  "subject" : {
    "reference" : "Patient/Patient1"
  }
}