<?xml version="1.0" encoding="UTF-8"?>

<Parameters xmlns="http://hl7.org/fhir">
  <id value="SulfasalazineMonirotingParameters"/>
  <parameter>
    <name value="url"/>
    <valueString value="http://example.org/PlanDefinition/SulfasalazineMonitoringPlan"/>
  </parameter>
  <parameter>
    <name value="data"/>
    <resource>
      <Bundle>
        <id value="PatientBundle1"/>
        <meta>
          <tag>
            <code value="test"/>
          </tag>
        </meta>
        <type value="transaction"/>
        <entry>
          <fullUrl value="http://example.org/Patient/Patient1"/>
          <resource>
            <Patient>
              <id value="Patient1"/>
              <name>
                <family value="patient1"/>
              </name>
            </Patient>
          </resource>
          <request>
            <method value="PUT"/>
            <url value="Patient/Patient1"/>
          </request>
        </entry>
        <entry>
          <fullUrl value="http://example.org/MedicationRequest/MedicationRequest1"/>
          <resource>
            <MedicationRequest>
              <id value="MedicationRequest1"/>
              <status value="active"/>
              <intent value="order"/>
              <medicationCodeableConcept>
                <coding>
                  <system value="http://www.whocc.no/atc"/>
                  <code value="A07EC01"/>
                  <display value="Sulfasalazine"/>
                </coding>
              </medicationCodeableConcept>
              <subject>
                <reference value="Patient/Patient1"/>
              </subject>
            </MedicationRequest>
          </resource>
          <request>
            <method value="PUT"/>
            <url value="MedicationRequest/MedicationRequest1"/>
          </request>
        </entry>
      </Bundle>
    </resource>
  </parameter>
</Parameters>