{
  "resourceType" : "Parameters",
  "id" : "SulfasalazineMonirotingParameters",
  "parameter" : [{
    "name" : "url",
    "valueString" : "http://example.org/PlanDefinition/SulfasalazineMonitoringPlan"
  },
  {
    "name" : "data",
    "resource" : {
      "resourceType" : "Bundle",
      "id" : "PatientBundle1",
      "meta" : {
        "tag" : [{
          "code" : "test"
        }]
      },
      "type" : "transaction",
      "entry" : [{
        "fullUrl" : "http://example.org/Patient/Patient1",
        "resource" : {
          "resourceType" : "Patient",
          "id" : "Patient1",
          "name" : [{
            "family" : "patient1"
          }]
        },
        "request" : {
          "method" : "PUT",
          "url" : "Patient/Patient1"
        }
      },
      {
        "fullUrl" : "http://example.org/MedicationRequest/MedicationRequest1",
        "resource" : {
          "resourceType" : "MedicationRequest",
          "id" : "MedicationRequest1",
          "status" : "active",
          "intent" : "order",
          "medicationCodeableConcept" : {
            "coding" : [{
              "system" : "http://www.whocc.no/atc",
              "code" : "A07EC01",
              "display" : "Sulfasalazine"
            }]
          },
          "subject" : {
            "reference" : "Patient/Patient1"
          }
        },
        "request" : {
          "method" : "PUT",
          "url" : "MedicationRequest/MedicationRequest1"
        }
      }]
    }
  }]
}