{"resourceType":"ActivityDefinition","id":"OrderCBCActivity","url":"http://example.org/ActivityDefinition/OrderCBCActivity","version":"0.1.0","status":"draft","date":"2024-11-14T19:02:01+00:00","publisher":"Example Publisher","contact":[{"name":"Example Publisher","telecom":[{"system":"url","value":"http://example.org/example-publisher"}]}],"description":"Order CBC","kind":"ServiceRequest","doNotPerform":false,"productCodeableConcept":{"coding":[{"system":"http://loinc.org","code":"58410-2","display":"CBC panel - Blood by Automated count"}]}}