{"resourceType":"PlanDefinition","id":"SulfasalazineMonitoringPlan","url":"http://example.org/PlanDefinition/SulfasalazineMonitoringPlan","version":"0.1.0","status":"draft","date":"2024-11-14T18:43:34+00:00","publisher":"Example Publisher","contact":[{"name":"Example Publisher","telecom":[{"system":"url","value":"http://example.org/example-publisher"}]}],"library":["http://example.org/Library/LogicLibrary"],"action":[{"title":"Should order CBC if Sulfasalazine is prescribed","condition":[{"kind":"applicability","expression":{"language":"text/cql-identifier","expression":"Sulfasalazine Order"}}],"definitionCanonical":"http://example.org/ActivityDefinition/OrderCBCActivity"}]}