{"resourceType":"PlanDefinition","id":"SulfasalazineMonitoringPlan","url":"http://example.org/PlanDefinition/SulfasalazineMonitoringPlan","version":"0.2.0","status":"draft","date":"2024-08-06T15:38:10-04:00","publisher":"Example Publisher","contact":[{"name":"Example Publisher","telecom":[{"system":"url","value":"http://example.org/example-publisher"}]}],"library":["http://example.org/Library/LogicLibrary"],"action":[{"title":"Should order CBC if Sulfasalazine is prescribed","condition":[{"kind":"applicability","expression":{"language":"text/cql-identifier","expression":"Sulfasalazine Order - from ValueSet"}}],"definitionCanonical":"http://example.org/ActivityDefinition/OrderCBCActivity"},{"title":"Should order CBC if Sulfasalazine is prescribed from code","condition":[{"kind":"applicability","expression":{"language":"text/cql-identifier","expression":"Sulfasalazine Order - from Code"}}],"definitionCanonical":"http://example.org/ActivityDefinition/OrderCBCActivity"}]}