{
  "resourceType" : "ActivityDefinition",
  "id" : "OrderCBCActivity",
  "text" : {
    "status" : "generated",
    "div" : "<div xmlns=\"http://www.w3.org/1999/xhtml\"><p><b>Generated Narrative: ActivityDefinition</b><a name=\"OrderCBCActivity\"> </a></p><div style=\"display: inline-block; background-color: #d9e0e7; padding: 6px; margin: 4px; border: 1px solid #8da1b4; border-radius: 5px; line-height: 60%\"><p style=\"margin-bottom: 0px\">Resource ActivityDefinition &quot;OrderCBCActivity&quot; </p></div><p><b>url</b>: <code>http://example.org/ActivityDefinition/OrderCBCActivity</code></p><p><b>version</b>: 0.2.0</p><p><b>status</b>: draft</p><p><b>date</b>: 2024-08-06 15:38:10-0400</p><p><b>publisher</b>: Example Publisher</p><p><b>contact</b>: Example Publisher: <a href=\"http://example.org/example-publisher\">http://example.org/example-publisher</a></p><p><b>description</b>: Order CBC</p><p><b>kind</b>: ServiceRequest</p><p><b>doNotPerform</b>: false</p><p><b>product</b>: CBC panel - Blood by Automated count <span style=\"background: LightGoldenRodYellow; margin: 4px; border: 1px solid khaki\"> (<a href=\"https://loinc.org/\">LOINC</a>#58410-2)</span></p></div>"
  },
  "url" : "http://example.org/ActivityDefinition/OrderCBCActivity",
  "version" : "0.2.0",
  "status" : "draft",
  "date" : "2024-08-06T15:38:10-04:00",
  "publisher" : "Example Publisher",
  "contact" : [{
    "name" : "Example Publisher",
    "telecom" : [{
      "system" : "url",
      "value" : "http://example.org/example-publisher"
    }]
  }],
  "description" : "Order CBC",
  "kind" : "ServiceRequest",
  "doNotPerform" : false,
  "productCodeableConcept" : {
    "coding" : [{
      "system" : "http://loinc.org",
      "code" : "58410-2",
      "display" : "CBC panel - Blood by Automated count"
    }]
  }
}