{
  "resourceType" : "Patient",
  "id" : "Patient1",
  "text" : {
    "status" : "generated",
    "div" : "<div xmlns=\"http://www.w3.org/1999/xhtml\"><p class=\"res-header-id\"><b>Generated Narrative: Patient Patient1</b></p><a name=\"Patient1\"> </a><a name=\"hcPatient1\"> </a><a name=\"Patient1-en-US\"> </a><p style=\"border: 1px #661aff solid; background-color: #e6e6ff; padding: 10px;\">patient1  (no stated gender), DoB Unknown</p><hr/></div>"
  },
  "name" : [{
    "family" : "patient1"
  }]
}