{
  "resourceType" : "PlanDefinition",
  "id" : "SulfasalazineMonitoringPlan",
  "text" : {
    "status" : "generated",
    "div" : "<div xmlns=\"http://www.w3.org/1999/xhtml\"><p class=\"res-header-id\"><b>Generated Narrative: PlanDefinition SulfasalazineMonitoringPlan</b></p><a name=\"SulfasalazineMonitoringPlan\"> </a><a name=\"hcSulfasalazineMonitoringPlan\"> </a><a name=\"SulfasalazineMonitoringPlan-en-US\"> </a><p><b>url</b>: <a href=\"PlanDefinition-SulfasalazineMonitoringPlan.html\">PlanDefinition: url = http://example.org/PlanDefinition/SulfasalazineMonitoringPlan; version = 0.1.0; status = draft; date = 2024-11-14 18:50:55+0000; publisher = Example Publisher; contact = Example Publisher (http://example.org/example-publisher); jurisdiction = ; copyright = ; library = http://example.org/Library/LogicLibrary</a></p><p><b>version</b>: 0.1.0</p><p><b>status</b>: Draft</p><p><b>date</b>: 2024-11-14 18:50:55+0000</p><p><b>publisher</b>: Example Publisher</p><p><b>contact</b>: Example Publisher: <a href=\"http://example.org/example-publisher\">http://example.org/example-publisher</a></p><p><b>library</b>: <a href=\"Library-LogicLibrary.html\">LogicLibrary</a></p><blockquote><p><b>action</b></p><p><b>title</b>: Should order CBC if Sulfasalazine is prescribed</p><blockquote><p><b>condition</b></p><p><b>kind</b>: Applicability</p><h3>Expressions</h3><table class=\"grid\"><tr><td style=\"display: none\">-</td><td><b>Language</b></td><td><b>Expression</b></td></tr><tr><td style=\"display: none\">*</td><td>text/cql-identifier</td><td>Sulfasalazine Order</td></tr></table></blockquote><p><b>definition</b>: <a href=\"ActivityDefinition-OrderCBCActivity.html\">ActivityDefinition[http://example.org/ActivityDefinition/OrderCBCActivity|0.1.0]</a></p></blockquote></div>"
  },
  "url" : "http://example.org/PlanDefinition/SulfasalazineMonitoringPlan",
  "version" : "0.1.0",
  "status" : "draft",
  "date" : "2024-11-14T18:50:55+00:00",
  "publisher" : "Example Publisher",
  "contact" : [{
    "name" : "Example Publisher",
    "telecom" : [{
      "system" : "url",
      "value" : "http://example.org/example-publisher"
    }]
  }],
  "library" : ["http://example.org/Library/LogicLibrary"],
  "action" : [{
    "title" : "Should order CBC if Sulfasalazine is prescribed",
    "condition" : [{
      "kind" : "applicability",
      "expression" : {
        "language" : "text/cql-identifier",
        "expression" : "Sulfasalazine Order"
      }
    }],
    "definitionCanonical" : "http://example.org/ActivityDefinition/OrderCBCActivity"
  }]
}